time_s,altitude_m,velocity_ms,velocity_kmh,vertical_velocity_ms,theta_deg,alpha_deg,fuel_kg,mass_kg,acceleration_ms2,mach_number
0,400,86.1111,310,5,2.86479,1.71887,0,70000,0,0.255651
1,370.448,100,360,-29.552,-17.1887,2.86479,0.69,69999.3,2.83222,0.296785
2,339.079,106.149,382.137,-31.3692,-17.1887,2.86479,1.38,69998.6,6.14906,0.314921
3,305.903,112.262,404.143,-33.1756,-17.1887,2.86479,2.07,69997.9,6.11278,0.332931
4,270.932,118.336,426.01,-34.9707,-17.1887,2.86479,2.76,69997.2,6.07432,0.350805
5,234.179,124.37,447.731,-36.7538,-17.1887,2.86479,3.45,69996.5,6.03369,0.368537
6,195.654,130.361,469.299,-38.5242,-17.1887,2.86479,4.14,69995.9,5.99092,0.38612
7,155.373,136.307,490.704,-40.2814,-17.1887,2.86479,4.83,69995.2,5.946,0.403547
8,113.348,142.206,511.941,-42.0247,-17.1887,2.86479,5.52,69994.5,5.89896,0.420809
9,69.6026,148.03,532.907,-43.7458,-17.1887,3.43775,6.21,69993.8,5.82393,0.437825
10,24.1515,153.8,553.681,-45.4511,-17.1887,3.43775,6.9,69993.1,5.77064,0.454658
11,10,159.516,574.256,0,-17.1887,3.43775,7.59,69992.4,5.71525,0.471477
12,10,165.176,594.633,0,-17.1887,3.43775,8.28,69991.7,5.66028,0.488207
13,10,170.781,614.811,0,-17.1887,3.43775,8.97,69991,5.60489,0.504773
14,10,176.329,634.784,0,-17.1887,3.43775,9.66,69990.3,5.54815,0.521172
15,10,181.819,654.548,0,-12.8815,3.43775,10.35,69989.6,5.49011,0.537399
16,10,186.538,671.536,0,-5.15943,3.43775,11.04,69989,4.71878,0.551346
17,14.2166,189.899,683.638,4.2166,1.27232,3.43775,11.73,69988.3,3.3616,0.561309
18,43.062,192.123,691.644,28.8454,8.63506,3.43775,12.42,69987.6,2.22389,0.568069
19,95.9878,193.07,695.051,52.9258,15.9101,3.43775,13.11,69986.9,0.946401,0.571211
20,152.963,192.795,694.061,56.9747,17.1887,3.43775,13.8,69986.2,-0.275012,0.570767
21,209.797,192.319,692.349,56.8342,17.1887,3.43775,14.49,69985.5,-0.475422,0.569729
22,266.494,191.855,690.68,56.6972,17.1887,3.43775,15.18,69984.8,-0.463751,0.568723
23,323.057,191.403,689.051,56.5635,17.1887,3.43775,15.87,69984.1,-0.452302,0.567748
24,372.022,190.962,687.464,48.9644,14.8571,3.43775,16.56,69983.4,-0.441069,0.566757
25,405.955,190.915,687.294,33.9335,10.2382,3.43775,17.25,69982.7,-0.0471778,0.566836
26,424.055,191.644,689.917,18.0999,5.41942,3.43775,17.94,69982.1,0.728729,0.569118
27,438.059,193.183,695.46,14.0037,4.15698,3.43775,18.63,69981.4,1.53974,0.573782
28,462.292,194.923,701.723,24.2328,7.14148,3.43775,19.32,69980.7,1.73954,0.579109
29,502.831,196.137,706.094,40.5389,11.9282,3.43775,20.01,69980,1.21432,0.586379
30,521.485,196.588,707.716,18.6541,5.44497,3.43775,20.7,69979.3,0.4504,0.587852
31,529.039,198.132,713.275,7.55446,2.18513,3.43775,21.39,69978.6,1.54434,0.592522
32,545.658,200.217,720.783,16.6191,4.76133,3.43775,22.08,69977.9,2.08539,0.598874
33,580.343,201.842,726.631,34.6852,9.89504,3.43775,22.77,69977.2,1.62444,0.603975
34,633.966,202.581,729.292,53.6228,15.349,3.43775,23.46,69976.5,0.73923,0.606564
35,693.782,202.408,728.667,59.8155,17.1887,3.43775,24.15,69975.8,-0.173468,0.606465
36,753.459,201.941,726.986,59.6775,17.1887,3.43775,24.84,69975.2,-0.466941,0.605484
37,813.002,201.486,725.349,59.5431,17.1887,3.43775,25.53,69974.5,-0.45494,0.604538
38,865.7,201.043,723.753,52.6978,15.1961,3.43775,26.22,69973.8,-0.443158,0.603578
39,903.346,200.938,723.376,37.6454,10.7981,3.43775,26.91,69973.1,-0.104741,0.603527
40,923.616,201.572,725.659,20.27,5.7714,3.43775,27.6,69972.4,0.634233,0.605575
41,937.261,203.053,730.992,13.6455,3.85328,3.43775,28.29,69971.7,1.48129,0.610122
42,959.662,204.848,737.452,22.4007,6.27801,3.43775,28.98,69971,1.7945,0.615674
43,997.892,206.212,742.365,38.2302,10.684,3.43775,29.67,69970.3,1.36461,0.620051
44,1052.44,206.821,744.556,54.5525,15.2937,3.43775,30.36,69969.6,0.608745,0.629738
45,1037.58,206.77,744.373,-14.8686,-4.12363,3.43775,31.05,69968.9,-0.0509148,0.629472
46,997.468,210.011,756.04,-40.1076,-11.0099,3.43775,31.74,69968.3,3.24079,0.63147
47,1060.79,214.271,771.376,63.3214,17.1887,3.43775,32.43,69967.6,4.25992,0.652486
48,1109.66,213.837,769.813,48.8711,13.2114,3.43775,33.12,69966.9,-0.434077,0.651543
49,1135.67,214.07,770.653,26.0105,6.97894,3.43775,33.81,69966.2,0.233288,0.652455
50,1144.99,215.354,775.276,9.31673,2.47952,3.43775,34.5,69965.5,1.28425,0.656442
51,1158.3,217.395,782.621,13.3116,3.51057,3.43775,35.19,69964.8,2.04031,0.662766
52,1187.95,219.24,789.265,29.6497,7.77241,3.43775,35.88,69964.1,1.84548,0.668629
53,1235.88,220.345,793.243,47.9356,12.5651,3.43775,36.57,69963.4,1.10491,0.672382
54,1299.54,220.638,794.296,63.6563,16.7688,3.43775,37.26,69962.7,0.292673,0.673786
55,1364.63,220.24,792.863,65.0853,17.1887,3.43775,37.95,69962,-0.398011,0.673092
56,1429.58,219.786,791.228,64.9511,17.1887,3.43775,38.64,69961.4,-0.454301,0.672225
57,1485.18,219.344,789.639,55.6011,14.684,3.43775,39.33,69960.7,-0.441361,0.671321
58,1521.79,219.327,789.576,36.6095,9.60866,3.43775,40.02,69960,-0.0175096,0.671561
59,1538.54,220.163,792.588,16.7547,4.36452,3.43775,40.71,69959.3,0.83666,0.674257
60,1550.6,221.885,798.786,12.0607,3.11589,3.43775,41.4,69958.6,1.7217,0.679628
61,1574.28,223.805,805.698,23.6769,6.07283,3.43775,42.09,69957.9,1.91999,0.685703
62,1614.82,225.205,810.738,40.5431,10.3714,3.43775,42.78,69957.2,1.39994,0.690327
63,1671.27,225.868,813.127,56.4446,14.4716,3.43775,43.47,69956.5,0.663582,0.692829
64,1738.01,225.848,813.053,66.7426,17.1887,3.43775,44.16,69955.8,-0.020553,0.69332
65,1804.62,225.389,811.401,66.6071,17.1887,3.43775,44.85,69955.1,-0.45868,0.692464
66,1864.39,224.944,809.799,59.7721,15.4097,3.43775,45.54,69954.5,-0.445124,0.691593
67,1906.84,224.804,809.294,42.4508,10.8848,3.43775,46.23,69953.8,-0.140374,0.691513
68,1927.81,225.425,811.529,20.9702,5.33769,3.43775,46.92,69953.1,0.620977,0.693598
69,1939.24,226.983,817.138,11.4328,2.88713,3.43775,47.61,69952.4,1.5579,0.698487
70,1959.36,228.946,824.205,20.1122,5.03976,3.43775,48.3,69951.7,1.9633,0.704699
71,1891.21,230.611,830.198,-68.1501,-17.1887,2.29183,48.99,69951,1.66458,0.709242
72,1960.93,235.926,849.332,69.7208,17.1887,3.43775,49.68,69950.3,5.31504,0.726196
73,1891.33,235.491,847.768,-69.5924,-17.1887,2.29183,50.37,69949.6,-0.434396,0.724254
74,1962.48,240.759,866.731,71.1491,17.1887,3.43775,51.06,69948.9,5.26753,0.741087
75,1891.48,240.281,865.01,-71.0078,-17.1887,2.29183,51.75,69948.2,-0.47815,0.738985
76,1964.03,245.5,883.802,72.5504,17.1887,3.43775,52.44,69947.6,5.21994,0.755697
77,1891.63,244.979,881.923,-72.3961,-17.1887,2.29183,53.13,69946.9,-0.521923,0.753435
78,1965.55,250.151,900.543,73.9246,17.1887,3.43775,53.82,69946.2,5.17234,0.770026
79,1891.8,249.585,898.507,-73.7575,-17.1887,2.29183,54.51,69945.5,-0.565666,0.767604
80,1967.07,254.71,916.956,75.272,17.1887,3.43775,55.2,69944.8,5.12476,0.784074
81,1891.98,254.101,914.762,-75.0919,-17.1887,2.29183,55.89,69944.1,-0.609331,0.781493
82,1968.57,259.178,933.041,76.5923,17.1887,3.43775,56.58,69943.4,5.07728,0.797842
83,1892.17,258.525,930.69,-76.3994,-17.1887,2.29183,57.27,69942.7,-0.652873,0.795103
84,1970.06,263.555,948.798,77.8858,17.1887,3.43775,57.96,69942,5.02993,0.811331
85,1922.26,262.859,946.292,-47.7911,-10.4754,2.29183,58.65,69941.3,-0.696248,0.808723
86,2001.09,266.732,960.234,78.8246,17.1887,3.43775,59.34,69940.7,3.8729,0.831759
87,1922.44,266.147,958.13,-78.6519,-17.1887,2.29183,60.03,69940,-0.584525,0.818842
88,2002.55,271.099,975.958,80.1153,17.1887,3.43775,60.72,69939.3,4.95219,0.845394
89,1922.62,270.475,973.71,-79.9308,-17.1887,2.29183,61.41,69938.6,-0.624312,0.832159
90,2004,275.379,991.364,81.38,17.1887,3.43775,62.1,69937.9,4.9039,0.858755
91,1929.7,274.715,988.974,-74.3016,-15.6921,2.29183,62.79,69937.2,-0.66391,0.845276
92,2012.25,279.326,1005.58,82.5466,17.1887,3.43775,63.48,69936.5,4.61149,0.871154
93,1964.14,278.627,1003.06,-48.1115,-9.94332,2.29183,64.17,69935.8,-0.699731,0.857667
94,2013.64,282.366,1016.52,49.508,10.098,2.29183,64.86,69935.1,3.73972,0.88065
95,1952.96,282.817,1018.14,-60.6835,-12.3902,2.29183,65.55,69934.4,0.450493,0.870448
96,2037.75,286.921,1032.91,84.7908,17.1887,2.29183,66.24,69933.8,4.10357,0.895119
97,2048.05,286.152,1030.15,10.2967,2.06213,2.29183,66.93,69933.1,-0.768057,0.892836
98,1992.75,287.94,1036.58,-55.2954,-11.0717,2.29183,67.62,69932.4,1.78737,0.886639
99,2078.98,291.775,1050.39,86.2253,17.1887,2.29183,68.31,69931.7,3.83492,0.910726
100,2126.2,290.967,1047.48,47.2257,9.34077,2.29183,69,69931,-0.807587,0.908734
101,2115.07,291.484,1049.34,-11.1283,-2.18797,2.29183,69.69,69930.3,0.516396,0.910221
102,2093.52,293.959,1058.25,-21.5592,-4.2059,2.29183,70.38,69929.6,2.47589,0.917709
103,2101.9,296.752,1068.31,8.38628,1.61941,2.29183,71.07,69928.9,2.79221,0.926522
104,2132.71,298.521,1074.68,30.8085,5.9237,2.29183,71.76,69928.2,1.76946,0.932401
105,2181.72,299.544,1078.36,49.0062,9.41608,2.29183,72.45,69927.5,1.02292,0.936161
106,2242.01,299.974,1079.91,60.2887,11.5943,2.29183,73.14,69926.9,0.430336,0.938204
107,2303.7,300.046,1080.17,61.6977,11.8662,2.29183,73.83,69926.2,0.0719215,0.939144
108,2354.97,300.085,1080.31,51.2656,9.83651,2.29183,74.52,69925.5,0.0384505,0.93986
109,2386.94,300.475,1081.71,31.9666,6.1071,2.29183,75.21,69924.8,0.390024,0.941454
110,2403.36,301.5,1085.4,16.4278,3.12341,2.29183,75.9,69924.1,1.02514,0.944858
111,2420.35,303.028,1090.9,16.9854,3.21325,2.29183,76.59,69923.4,1.52776,0.949845
112,2448.85,304.529,1096.3,28.5052,5.371,2.29183,77.28,69922.7,1.50112,0.954887
113,2490.1,305.653,1100.35,41.2447,7.75513,2.29183,77.97,69922,1.1242,0.958902
114,2540.25,306.37,1102.93,50.1538,9.42194,2.29183,78.66,69921.3,0.716631,0.961748
115,2592.67,306.808,1104.51,52.4194,9.83749,2.29183,79.35,69920.6,0.438362,0.96375
116,2639.67,307.183,1105.86,47.0001,8.80103,2.29183,80.04,69920,0.375374,0.965492
117,2675.85,307.74,1107.87,36.1825,6.75216,2.29183,80.73,69919.3,0.557122,0.967677
118,2702.48,308.648,1111.13,26.631,4.94979,2.29183,81.42,69918.6,0.907261,0.970851
119,2727.36,309.859,1115.49,24.8756,4.60469,2.29183,82.11,69917.9,1.21144,0.974963
120,2757.77,311.123,1120.04,30.405,5.60827,2.29183,82.8,69917.2,1.26429,0.979311
121,2795.94,312.211,1123.96,38.1784,7.02393,2.29183,83.49,69916.5,1.08789,0.983202
122,2839.98,313.057,1127,44.0374,8.08658,2.29183,84.18,69915.8,0.845218,0.986403
123,2885.63,313.723,1129.4,45.6502,8.36687,2.29183,84.87,69915.1,0.666803,0.989066
124,2928.16,314.347,1131.65,42.5278,7.77536,2.29183,85.56,69914.4,0.623382,0.991556
125,2964.64,315.074,1134.27,36.4838,6.64945,2.29183,86.25,69913.7,0.727497,0.994303
126,2995.93,315.995,1137.58,31.2871,5.68226,2.29183,86.94,69913.1,0.920291,0.997596
127,3026.03,317.078,1141.48,30.099,5.44707,2.29183,87.63,69912.4,1.08355,1.01465
128,2931.95,318.36,1146.1,-94.0819,-17.1887,2.29183,88.32,69911.7,1.28222,1.00426
129,3027.48,323.277,1163.8,95.5349,17.1887,2.29183,89.01,69911,4.91674,1.03451
130,3006.49,322.54,1161.14,-20.9943,-3.73205,2.29183,89.7,69910.3,-0.737087,1.03187
131,2923.77,325.342,1171.23,-82.7135,-14.7283,2.29183,90.39,69909.6,2.802,1.02618
132,3021.23,329.785,1187.23,97.4581,17.1887,2.29183,91.08,69908.9,4.44286,1.05525
133,3059.15,328.991,1184.37,37.9154,6.6179,2.29183,91.77,69908.2,-0.794015,1.05322
134,3022.9,329.981,1187.93,-36.248,-6.30661,2.29183,92.46,69907.5,0.990032,1.0559
135,3003.02,333.162,1199.38,-19.8805,-3.421,2.29183,93.15,69906.8,3.18129,1.06581
136,3011.26,335.819,1208.95,8.24368,1.40664,2.29183,93.84,69906.2,2.65679,1.07442
137,3040.87,337.628,1215.46,29.6057,5.03057,2.29183,94.53,69905.5,1.8093,1.08062
138,3085.98,338.809,1219.71,45.1078,7.65087,2.29183,95.22,69904.8,1.18118,1.08502
139,3138.39,339.545,1222.36,52.412,8.87965,2.29183,95.91,69904.1,0.735983,1.08811
140,3188.51,340.08,1224.29,50.1222,8.47535,2.29183,96.6,69903.4,0.534244,1.09052
141,3228.36,340.69,1226.48,39.8471,6.71669,2.29183,97.29,69902.7,0.610405,1.09304
142,3256.6,341.603,1229.77,28.242,4.74234,2.29183,97.98,69902,0.913459,1.09636
143,3280.28,342.852,1234.27,23.6799,3.96042,2.29183,98.67,69901.3,1.24896,1.10071
144,3307.78,344.23,1239.23,27.5022,4.58253,2.29183,99.36,69900.6,1.37766,1.10552
145,3342.24,345.497,1243.79,34.4552,5.72343,2.29183,100.05,69899.9,1.26656,1.11008
146,3382.06,346.567,1247.64,39.8277,6.59906,2.29183,100.74,69899.3,1.06993,1.11408
147,3423.42,347.489,1250.96,41.3554,6.83512,2.29183,101.43,69898.6,0.921929,1.11764
148,3462.41,348.373,1254.14,38.9885,6.42577,2.29183,102.12,69897.9,0.884596,1.12105
149,3497.12,349.33,1257.59,34.711,5.70259,2.29183,102.81,69897.2,0.95681,1.12463
150,3528.59,350.411,1261.48,31.4712,5.15281,2.29183,103.5,69896.5,1.0809,1.12857
151,3559.62,351.585,1265.7,31.0253,5.0626,2.29183,104.19,69895.8,1.17375,1.1328
152,3592.43,352.772,1269.98,32.8098,5.33656,2.29183,104.88,69895.1,1.18746,1.1371
153,3627.47,353.912,1274.08,35.0458,5.68298,2.29183,105.57,69894.4,1.13951,1.14129
154,3663.74,354.992,1277.97,36.2647,5.86337,2.29183,106.26,69893.7,1.08031,1.14531
155,3699.71,356.042,1281.75,35.9752,5.79917,2.29183,106.95,69893,1.05034,1.14923
156,3734.37,357.104,1285.58,34.6535,5.56876,2.29183,107.64,69892.4,1.06229,1.15318
157,3767.65,358.207,1289.54,33.2835,5.33145,2.29183,108.33,69891.7,1.10219,1.15723
158,3800.3,359.349,1293.66,32.6477,5.21264,2.29183,109.02,69891,1.14267,1.16141
159,3833.15,360.512,1297.84,32.8561,5.22904,2.29183,109.71,69890.3,1.16253,1.16567
160,3866.61,361.671,1302.02,33.4569,5.30781,2.29183,110.4,69889.6,1.15932,1.16992
161,3900.5,362.817,1306.14,33.8933,5.36022,2.29183,111.09,69888.9,1.14576,1.17414
162,3934.37,363.954,1310.23,33.8722,5.3401,2.29183,111.78,69888.2,1.13702,1.17834
163,3967.83,365.095,1314.34,33.4598,5.25836,2.29183,112.47,69887.5,1.1408,1.18254
164,4000.78,366.25,1318.5,32.943,5.16055,2.29183,113.16,69886.8,1.15503,1.20332
165,3892.15,367.597,1323.35,-108.632,-17.1887,2.29183,113.85,69886.1,1.34735,1.18948
166,4002.23,372.508,1341.03,110.084,17.1887,2.29183,114.54,69885.5,4.91098,1.22391
167,3950.12,371.795,1338.46,-52.1071,-8.05655,2.29183,115.23,69884.8,-0.713544,1.20397
168,4060.99,375.164,1350.59,110.868,17.1887,2.29183,115.92,69884.1,3.3692,1.23359
169,4011.61,374.447,1348.01,-49.3818,-7.57821,2.29183,116.61,69883.4,-0.716412,1.23043
170,3913.44,377.915,1360.49,-98.1696,-15.0562,2.29183,117.3,69882.7,3.46778,1.22321
171,4026.44,382.396,1376.62,113.006,17.1887,2.29183,117.99,69882,4.48059,1.2568
172,4049.93,381.617,1373.82,23.4837,3.52807,2.29183,118.68,69881.3,-0.778631,1.25463
173,3983.88,383.146,1379.33,-66.0491,-9.92659,2.29183,119.37,69880.6,1.52916,1.24127
174,4098.17,386.747,1392.29,114.292,17.1887,2.29183,120.06,69879.9,3.60111,1.27231
175,4135.44,385.958,1389.45,37.2675,5.54103,2.29183,120.75,69879.2,-0.789636,1.27034
176,4081.16,387.137,1393.69,-54.2752,-8.05922,2.29183,121.44,69878.6,1.17887,1.2733
177,4065.71,390.613,1406.21,-15.4563,-2.26775,2.29183,122.13,69877.9,3.4768,1.28448
178,4071.95,393.073,1415.06,6.24108,0.909763,2.29183,122.82,69877.2,2.45933,1.29267
179,4098.37,394.972,1421.9,26.4243,3.83606,2.29183,123.51,69876.5,1.89894,1.29937
180,4136.82,396.364,1426.91,38.4505,5.56691,2.29183,124.2,69875.8,1.39228,1.30462
181,4178.02,397.462,1430.86,41.1969,5.94939,2.29183,124.89,69875.1,1.09843,1.30895
182,4214.42,398.5,1434.6,36.4005,5.24092,2.29183,125.58,69874.4,1.03792,1.31301
183,4243.71,399.663,1438.79,29.2943,4.20341,2.29183,126.27,69873.7,1.16235,1.31735
184,4269.37,401.003,1443.61,25.651,3.66755,2.29183,126.96,69873,1.34004,1.32222
185,4296.12,402.433,1448.76,26.7542,3.81191,2.29183,127.65,69872.3,1.42985,1.32741
186,4325.83,403.836,1453.81,29.7073,4.21865,2.29183,128.34,69871.7,1.40325,1.33257
187,4357.49,405.169,1458.61,31.6665,4.4826,2.29183,129.03,69871,1.33307,1.33753
188,4389.18,406.457,1463.25,31.6822,4.47058,2.29183,129.72,69870.3,1.28853,1.34235
189,4419.59,407.749,1467.9,30.4131,4.27754,2.29183,130.41,69869.6,1.29154,1.34716
190,4448.72,409.074,1472.67,29.1273,4.08309,2.29183,131.1,69868.9,1.32512,1.35207
191,4477.34,410.432,1477.56,28.6239,3.9991,2.29183,131.79,69868.2,1.35838,1.35708
192,4506.16,411.805,1482.5,28.8214,4.01331,2.29183,132.48,69867.5,1.37247,1.36214
193,4535.34,413.175,1487.43,29.1737,4.04896,2.29183,133.17,69866.8,1.36984,1.3672
194,4564.59,414.539,1492.34,29.2592,4.04745,2.29183,133.86,69866.1,1.36379,1.37225
195,4441.66,415.977,1497.52,-122.93,-17.1887,1.14592,134.55,69865.4,1.43872,1.37475
196,4566.04,420.881,1515.17,124.379,17.1887,2.29183,135.24,69864.8,4.90351,1.39328
197,4441.9,420.07,1512.25,-124.139,-17.1887,1.14592,135.93,69864.1,-0.810365,1.38829
198,4567.48,424.944,1529.8,125.58,17.1887,2.29183,136.62,69863.4,4.87352,1.40675
199,4442.15,424.106,1526.78,-125.332,-17.1887,1.14592,137.31,69862.7,-0.837739,1.40163
200,4568.92,428.95,1544.22,126.763,17.1887,2.29183,138,69862,4.84368,1.42004
201,4442.41,428.085,1541.11,-126.508,-17.1887,1.14592,138.69,69861.3,-0.864968,1.41478
202,4570.34,432.899,1558.44,127.93,17.1887,2.29183,139.38,69860.6,4.81398,1.43314
203,4442.67,432.007,1555.22,-127.667,-17.1887,1.14592,140.07,69859.9,-0.892043,1.42775
204,4571.75,436.791,1572.45,129.081,17.1887,2.29183,140.76,69859.2,4.78445,1.44606
205,4442.94,435.872,1569.14,-128.809,-17.1887,1.14592,141.45,69858.5,-0.918955,1.44053
206,4573.16,440.627,1586.26,130.214,17.1887,2.29183,142.14,69857.9,4.75508,1.45878
207,4443.22,439.682,1582.85,-129.935,-17.1887,1.14592,142.83,69857.2,-0.945696,1.45313
208,4574.55,444.408,1599.87,131.331,17.1887,2.29183,143.52,69856.5,4.72589,1.47133
209,4443.51,443.435,1596.37,-131.044,-17.1887,1.14592,144.21,69855.8,-0.972259,1.46554
210,4575.94,448.132,1613.28,132.432,17.1887,2.29183,144.9,69855.1,4.69689,1.48369
211,4443.8,447.134,1609.68,-132.137,-17.1887,1.14592,145.59,69854.4,-0.998637,1.47776
212,4577.32,451.802,1626.49,133.517,17.1887,2.29183,146.28,69853.7,4.66808,1.49586
213,4444.11,450.777,1622.8,-133.214,-17.1887,1.14592,146.97,69853,-1.02482,1.48981
214,4578.69,455.416,1639.5,134.585,17.1887,2.29183,147.66,69852.3,4.63947,1.50786
215,4444.42,454.365,1635.72,-134.274,-17.1887,1.14592,148.35,69851.6,-1.05081,1.50168
216,4580.05,458.977,1652.32,135.637,17.1887,2.29183,149.04,69851,4.61107,1.51967
217,4444.74,457.9,1648.44,-135.319,-17.1887,1.14592,149.73,69850.3,-1.07659,1.51337
218,4581.41,462.483,1664.94,136.673,17.1887,2.29183,150.42,69849.6,4.58288,1.53131
219,4445.06,461.381,1660.97,-136.347,-17.1887,1.14592,151.11,69848.9,-1.10216,1.52488
220,4582.76,465.936,1677.37,137.693,17.1887,2.29183,151.8,69848.2,4.55492,1.54277
221,4445.39,464.808,1673.31,-137.36,-17.1887,1.14592,152.49,69847.5,-1.12751,1.53621
222,4584.09,469.335,1689.61,138.698,17.1887,2.29183,153.18,69846.8,4.52719,1.55405
223,4445.74,468.183,1685.46,-138.357,-17.1887,1.14592,153.87,69846.1,-1.15264,1.54737
224,4585.42,472.682,1701.66,139.687,17.1887,2.29183,154.56,69845.4,4.49969,1.56517
225,4446.08,471.505,1697.42,-139.339,-17.1887,1.14592,155.25,69844.7,-1.17755,1.55836
226,4586.74,475.977,1713.52,140.661,17.1887,2.29183,155.94,69844.1,4.47244,1.5761
227,4446.44,474.775,1709.19,-140.306,-17.1887,1.14592,156.63,69843.4,-1.20222,1.56917
228,4588.06,479.22,1725.19,141.619,17.1887,2.29183,157.32,69842.7,4.44543,1.58687
229,4446.8,477.994,1720.78,-141.257,-17.1887,1.14592,158.01,69842,-1.22665,1.57982
230,4589.36,482.412,1736.68,142.563,17.1887,2.29183,158.7,69841.3,4.41867,1.59747
231,4447.17,481.162,1732.18,-142.193,-17.1887,1.14592,159.39,69840.6,-1.25085,1.5903
232,4590.66,485.554,1747.99,143.491,17.1887,2.29183,160.08,69839.9,4.39217,1.6079
233,4447.55,484.279,1743.4,-143.114,-17.1887,1.14592,160.77,69839.2,-1.2748,1.60061
234,4591.95,488.645,1759.12,144.404,17.1887,2.29183,161.46,69838.5,4.36592,1.61816
235,4447.93,487.346,1754.45,-144.021,-17.1887,1.14592,162.15,69837.8,-1.29851,1.61076
236,4593.23,491.686,1770.07,145.303,17.1887,2.29183,162.84,69837.2,4.33994,1.62826
237,4448.32,490.364,1765.31,-144.913,-17.1887,1.14592,163.53,69836.5,-1.32196,1.62074
238,4594.51,494.679,1780.84,146.188,17.1887,2.29183,164.22,69835.8,4.31423,1.6382
239,4448.72,493.333,1776,-145.79,-17.1887,1.14592,164.91,69835.1,-1.34517,1.63056
240,4595.78,497.622,1791.44,147.057,17.1887,2.29183,165.6,69834.4,4.28879,1.64798
241,4449.12,496.254,1786.51,-146.653,-17.1887,1.14592,166.29,69833.7,-1.36811,1.64022
242,4597.04,500.518,1801.86,147.913,17.1887,2.29183,166.98,69833,4.26362,1.65759
243,4449.53,499.127,1796.86,-147.502,-17.1887,1.14592,167.67,69832.3,-1.3908,1.64973
244,4598.29,503.366,1812.12,148.755,17.1887,2.29183,168.36,69831.6,4.23873,1.66705
245,4449.95,501.952,1807.03,-148.337,-17.1887,1.14592,169.05,69830.9,-1.41323,1.65908
246,4599.53,506.167,1822.2,149.582,17.1887,2.29183,169.74,69830.3,4.21412,1.67636
247,4450.38,504.731,1817.03,-149.158,-17.1887,1.14592,170.43,69829.6,-1.4354,1.66827
248,4600.77,508.921,1832.12,150.396,17.1887,2.29183,171.12,69828.9,4.18979,1.68551
249,4450.81,507.464,1826.87,-149.966,-17.1887,1.14592,171.81,69828.2,-1.4573,1.67731
250,4602,511.629,1841.87,151.197,17.1887,2.29183,172.5,69827.5,4.16574,1.6945
251,4451.24,510.15,1836.54,-150.76,-17.1887,1.14592,173.19,69826.8,-1.47894,1.6862
252,4603.23,514.292,1851.45,151.984,17.1887,2.29183,173.88,69826.1,4.14198,1.70335
253,4451.69,512.792,1846.05,-151.54,-17.1887,1.14592,174.57,69825.4,-1.50031,1.69494
254,4604.45,516.911,1860.88,152.758,17.1887,2.29183,175.26,69824.7,4.1185,1.71205
255,4452.14,515.389,1855.4,-152.308,-17.1887,1.14592,175.95,69824,-1.52142,1.70354
256,4605.66,519.485,1870.14,153.518,17.1887,2.29183,176.64,69823.4,4.09532,1.7206
257,4452.59,517.942,1864.59,-153.062,-17.1887,1.14592,177.33,69822.7,-1.54225,1.71199
258,4606.86,522.015,1879.25,154.266,17.1887,2.29183,178.02,69822,4.07242,1.72901
259,4453.05,520.452,1873.63,-153.804,-17.1887,1.14592,178.71,69821.3,-1.56282,1.72029
260,4608.06,524.502,1888.21,155.001,17.1887,2.29183,179.4,69820.6,4.04981,1.73728
261,4453.52,522.919,1882.51,-154.533,-17.1887,1.14592,180.09,69819.9,-1.58312,1.72846
262,4609.25,526.946,1897.01,155.723,17.1887,2.29183,180.78,69819.2,4.02749,1.7454
263,4454,525.343,1891.23,-155.249,-17.1887,1.14592,181.47,69818.5,-1.60316,1.73648
264,4610.43,529.348,1905.65,156.433,17.1887,2.29183,182.16,69817.8,4.00546,1.75339
265,4454.48,527.725,1899.81,-155.954,-17.1887,1.14592,182.85,69817.1,-1.62292,1.74437
266,4611.61,531.709,1914.15,157.131,17.1887,2.29183,183.54,69816.5,3.98373,1.76123
267,4454.96,530.067,1908.24,-156.645,-17.1887,1.14592,184.23,69815.8,-1.64241,1.75212
268,4612.78,534.029,1922.5,157.816,17.1887,2.29183,184.92,69815.1,3.96228,1.76895
269,4455.45,532.367,1916.52,-157.325,-17.1887,1.14592,185.61,69814.4,-1.66164,1.75973
270,4613.94,536.308,1930.71,158.49,17.1887,2.29183,186.3,69813.7,3.94112,1.77653
271,4455.95,534.628,1924.66,-157.993,-17.1887,1.14592,186.99,69813,-1.6806,1.76722
272,4615.1,538.548,1938.77,159.152,17.1887,2.29183,187.68,69812.3,3.92026,1.78397
273,4456.45,536.849,1932.66,-158.65,-17.1887,1.14592,188.37,69811.6,-1.69929,1.77457
274,4616.25,540.749,1946.69,159.802,17.1887,2.29183,189.06,69810.9,3.89968,1.79129
275,4456.96,539.031,1940.51,-159.295,-17.1887,1.14592,189.75,69810.2,-1.71771,1.7818
276,4617.4,542.91,1954.48,160.441,17.1887,2.29183,190.44,69809.6,3.87939,1.79848
277,4457.47,541.174,1948.23,-159.928,-17.1887,1.14592,191.13,69808.9,-1.73587,1.78889
278,4618.54,545.034,1962.12,161.068,17.1887,2.29183,191.82,69808.2,3.85939,1.80554
279,4457.99,543.28,1955.81,-160.55,-17.1887,1.14592,192.51,69807.5,-1.75377,1.79587
280,4619.68,547.12,1969.63,161.685,17.1887,2.29183,193.2,69806.8,3.83968,1.81248
281,4458.51,545.348,1963.25,-161.161,-17.1887,1.14592,193.89,69806.1,-1.7714,1.80272
282,4620.8,549.169,1977.01,162.29,17.1887,2.29183,194.58,69805.4,3.82026,1.81929
283,4459.04,547.38,1970.57,-161.762,-17.1887,1.14592,195.27,69804.7,-1.78877,1.80944
284,4621.93,551.181,1984.25,162.885,17.1887,2.29183,195.96,69804,3.80111,1.82599
285,4459.58,549.375,1977.75,-162.351,-17.1887,1.14592,196.65,69803.3,-1.80588,1.81605
286,4623.05,553.157,1991.37,163.469,17.1887,2.29183,197.34,69802.7,3.78226,1.83256
287,4460.11,551.335,1984.8,-162.93,-17.1887,1.14592,198.03,69802,-1.82273,1.82254
288,4624.16,555.098,1998.35,164.043,17.1887,2.29183,198.72,69801.3,3.76368,1.83902
289,4460.66,553.259,1991.73,-163.499,-17.1887,1.14592,199.41,69800.6,-1.83932,1.82892
290,4625.26,557.004,2005.22,164.606,17.1887,2.29183,200.1,69799.9,3.74538,1.84536
291,4461.21,555.149,1998.53,-164.058,-17.1887,1.14592,200.79,69799.2,-1.85566,1.83518
292,4626.37,558.876,2011.95,165.159,17.1887,2.29183,201.48,69798.5,3.72737,1.85159
293,4461.76,557.004,2005.22,-164.606,-17.1887,1.14592,202.17,69797.8,-1.87174,1.84133
294,4627.46,560.714,2018.57,165.702,17.1887,2.29183,202.86,69797.1,3.70963,1.8577
295,4462.32,558.826,2011.77,-165.144,-17.1887,1.14592,203.55,69796.4,-1.88757,1.84736
296,4628.55,562.518,2025.07,166.236,17.1887,2.29183,204.24,69795.8,3.69216,1.86371
297,4462.88,560.615,2018.22,-165.673,-17.1887,1.14592,204.93,69795.1,-1.90315,1.85329
298,4629.64,564.29,2031.44,166.759,17.1887,2.29183,205.62,69794.4,3.67497,1.86961
299,4463.45,562.372,2024.54,-166.192,-17.1887,1.14592,206.31,69793.7,-1.91849,1.85911
300,4630.72,566.03,2037.71,167.273,17.1887,2.29183,207,69793,3.65804,1.8754
301,4485.48,564.096,2030.75,-145.237,-14.9199,1.14592,207.69,69792.3,-1.93357,1.86536
302,4653.16,567.378,2042.56,167.672,17.1887,2.29183,208.38,69791.6,3.28158,1.88043
303,4505.19,565.446,2035.6,-147.968,-15.1701,1.14592,209.07,69790.9,-1.93228,1.87032
304,4673.27,568.768,2047.56,168.082,17.1887,2.29183,209.76,69790.2,3.32209,1.88554
305,4525.48,566.835,2040.61,-147.788,-15.1131,1.14592,210.45,69789.5,-1.93267,1.87542
306,4693.97,570.147,2052.53,168.49,17.1887,2.29183,211.14,69788.9,3.31189,1.89064
307,4545.42,568.214,2045.57,-148.548,-15.1549,1.14592,211.83,69788.2,-1.93251,1.88049
308,4714.32,571.532,2057.52,168.899,17.1887,2.29183,212.52,69787.5,3.31797,1.89575
309,4565.32,569.6,2050.56,-149,-15.1642,1.14592,213.21,69786.8,-1.93254,1.88557
310,4503.78,573.059,2063.01,-61.5472,-6.16553,1.14592,213.9,69786.1,3.45928,1.89546
311,4673.64,574.792,2069.25,169.863,17.1887,2.29183,214.59,69785.4,1.73252,1.90552
312,4631.18,572.805,2062.1,-42.4588,-4.25092,1.14592,215.28,69784.7,-1.98701,1.89786
313,4461.42,574.436,2067.97,-169.757,-17.1887,1.14592,215.97,69784,1.63105,1.89894
314,4632.22,577.972,2080.7,170.802,17.1887,2.29183,216.66,69783.3,3.53661,1.91501
315,4717.32,575.93,2073.35,85.0992,8.49712,1.14592,217.35,69782.6,-2.04195,1.91042
316,4547.28,575.409,2071.47,-170.045,-17.1887,1.14592,218.04,69782,-0.520791,1.90435
317,4718.38,578.992,2084.37,171.104,17.1887,2.29183,218.73,69781.3,3.58286,1.9206
318,4698.12,576.995,2077.18,-20.2639,-2.01263,1.14592,219.42,69780.6,-1.99732,1.91346
319,4527.23,578.247,2081.69,-170.884,-17.1887,1.14592,220.11,69779.9,1.25159,1.91322
320,4699.17,581.788,2094.44,171.93,17.1887,2.29183,220.8,69779.2,3.54152,1.92938
321,4767.3,579.753,2087.11,68.1358,6.74932,1.14592,221.49,69778.5,-2.03493,1.92439
322,4596.04,579.526,2086.29,-171.262,-17.1887,1.14592,222.18,69777.8,-0.227401,1.91922
323,4768.4,583.245,2099.68,172.361,17.1887,1.14592,222.87,69777.1,3.71879,1.93601
324,4763.29,581.24,2092.47,-5.10879,-0.503606,1.14592,223.56,69776.4,-2.0042,1.92922
325,4591.23,582.236,2096.05,-172.063,-17.1887,1.14592,224.25,69775.7,0.995795,1.92807
326,4764.38,585.927,2109.34,173.153,17.1887,1.14592,224.94,69775.1,3.69034,1.9448
327,4823.07,583.895,2102.02,58.6845,5.76827,1.14592,225.63,69774.4,-2.03106,1.93959
328,4650.53,583.833,2101.8,-172.535,-17.1887,1.14592,226.32,69773.7,-0.0621727,1.9349
329,4824.16,587.546,2115.17,173.632,17.1887,1.14592,227.01,69773,3.71315,1.95175
330,4825.44,585.539,2107.94,1.27428,0.124691,1.14592,227.7,69772.3,-2.00716,1.94511
331,4652.14,586.429,2111.14,-173.301,-17.1887,1.14592,228.39,69771.6,0.889234,1.94354
332,4826.53,590.118,2124.43,174.392,17.1887,1.14592,229.08,69770.9,3.69,1.96035
333,4879.48,588.09,2117.12,52.9501,5.16576,1.14592,229.77,69770.2,-2.02875,1.95501
334,4705.67,588.129,2117.27,-173.804,-17.1887,1.14592,230.46,69769.5,0.0394843,1.95058
335,4880.57,591.838,2130.62,174.9,17.1887,1.14592,231.15,69768.8,3.70876,1.96749
336,4885.3,589.829,2123.39,4.72809,0.45929,1.14592,231.84,69768.2,-2.00882,1.96094
337,4710.75,590.662,2126.38,-174.552,-17.1887,1.14592,232.53,69767.5,0.832441,1.95911
338,4886.39,594.35,2139.66,175.643,17.1887,1.14592,233.22,69766.8,3.68862,1.976
339,4935.94,592.323,2132.36,49.5512,4.79874,1.14592,233.91,69766.1,-2.02741,1.97057
340,4760.87,592.424,2132.73,-175.073,-17.1887,1.14592,234.6,69765.4,0.101531,1.96628
341,4937.04,596.13,2146.07,176.168,17.1887,1.14592,235.29,69764.7,3.70518,1.98327
342,4943.29,594.12,2138.83,6.24801,0.602558,1.14592,235.98,69764,-2.00965,1.97675
343,4767.47,594.928,2141.74,-175.813,-17.1887,1.14592,236.67,69763.3,0.808017,1.97476
344,4944.38,598.614,2155.01,176.903,17.1887,1.14592,237.36,69762.6,3.6865,1.99173
345,4992.19,596.588,2147.72,47.8089,4.59646,1.14592,238.05,69761.9,-2.02677,1.98626
346,4815.84,596.723,2148.2,-176.344,-17.1887,1.14592,238.74,69761.3,0.135861,1.98201
347,4993.28,600.426,2161.53,177.438,17.1887,1.14592,239.43,69760.6,3.70217,1.99907
348,4999.58,598.416,2154.3,6.29926,0.603139,1.14592,240.12,69759.9,-2.00986,1.99255
349,4822.5,599.223,2157.2,-177.083,-17.1887,1.14592,240.81,69759.2,0.807676,1.99049
350,5000.67,602.907,2170.47,178.171,17.1887,1.14592,241.5,69758.5,3.68377,2.03696
351,4822.99,601.236,2164.45,-177.678,-17.1887,1.14592,242.19,69757.8,-1.67087,1.99719
352,5001.75,604.902,2177.65,178.761,17.1887,1.14592,242.88,69757.1,3.66565,2.04373
353,4823.49,603.217,2171.58,-178.263,-17.1887,1.14592,243.57,69756.4,-1.68542,2.00378
354,5002.83,606.864,2184.71,179.341,17.1887,1.14592,244.26,69755.7,3.64779,2.05039
355,4823.99,605.165,2178.59,-178.838,-17.1887,1.14592,244.95,69755,-1.69976,2.01027
356,5003.9,608.795,2191.66,179.911,17.1887,1.14592,245.64,69754.4,3.63016,2.05694
357,4824.5,607.081,2185.49,-179.405,-17.1887,1.14592,246.33,69753.7,-1.7139,2.01665
358,5004.97,610.694,2198.5,180.472,17.1887,1.14592,247.02,69753,3.61278,2.06339
359,4825.01,608.966,2192.28,-179.962,-17.1887,1.14592,247.71,69752.3,-1.72785,2.02292
360,5006.03,612.561,2205.22,181.024,17.1887,1.14592,248.4,69751.6,3.59564,2.06973
361,4825.52,610.82,2198.95,-180.51,-17.1887,1.14592,249.09,69750.9,-1.74159,2.0291
362,5007.09,614.399,2211.84,181.567,17.1887,1.14592,249.78,69750.2,3.57874,2.07597
363,4826.04,612.643,2205.52,-181.049,-17.1887,1.14592,250.47,69749.5,-1.75514,2.03517
364,5008.14,616.206,2218.34,182.101,17.1887,1.14592,251.16,69748.8,3.56207,2.0821
365,4826.56,614.437,2211.97,-181.579,-17.1887,1.14592,251.85,69748.1,-1.76849,2.04114
366,5009.19,617.983,2224.74,182.626,17.1887,1.14592,252.54,69747.5,3.54565,2.08814
367,4827.09,616.201,2218.32,-182.1,-17.1887,1.14592,253.23,69746.8,-1.78164,2.04701
368,5010.23,619.731,2231.03,183.143,17.1887,1.14592,253.92,69746.1,3.52946,2.09407
369,4827.62,617.936,2224.57,-182.613,-17.1887,1.14592,254.61,69745.4,-1.7946,2.05279
370,5011.27,621.449,2237.22,183.651,17.1887,1.14592,255.3,69744.7,3.5135,2.09991
371,4828.15,619.642,2230.71,-183.117,-17.1887,1.14592,255.99,69744,-1.80737,2.05848
372,5012.3,623.14,2243.3,184.15,17.1887,1.14592,256.68,69743.3,3.49778,2.10565
373,4828.69,621.32,2236.75,-183.613,-17.1887,1.14592,257.37,69742.6,-1.81995,2.06406
374,5013.33,624.802,2249.29,184.642,17.1887,1.14592,258.06,69741.9,3.48228,2.1113
375,4829.23,622.97,2242.69,-184.1,-17.1887,1.14592,258.75,69741.2,-1.83234,2.06956
376,5014.36,626.437,2255.17,185.125,17.1887,1.14592,259.44,69740.6,3.46701,2.11685
377,4829.78,624.592,2248.53,-184.58,-17.1887,1.14592,260.13,69739.9,-1.84455,2.07497
378,5015.38,628.044,2260.96,185.6,17.1887,1.14592,260.82,69739.2,3.45197,2.12232
379,4830.33,626.188,2254.28,-185.051,-17.1887,1.14592,261.51,69738.5,-1.85657,2.08028
380,5016.39,629.625,2266.65,186.067,17.1887,1.14592,262.2,69737.8,3.43715,2.12769
381,4830.88,627.756,2259.92,-185.515,-17.1887,1.14592,262.89,69737.1,-1.8684,2.08551
382,5017.41,631.179,2272.24,186.526,17.1887,1.14592,263.58,69736.4,3.42256,2.13297
383,4831.43,629.299,2265.48,-185.971,-17.1887,1.14592,264.27,69735.7,-1.88005,2.09065
384,5018.41,632.707,2277.75,186.978,17.1887,1.14592,264.96,69735,3.40818,2.13816
385,4831.99,630.816,2270.94,-186.419,-17.1887,1.14592,265.65,69734.3,-1.89153,2.0957
386,5019.42,634.21,2283.15,187.422,17.1887,1.14592,266.34,69733.7,3.39403,2.14327
387,4832.56,632.307,2276.3,-186.859,-17.1887,1.14592,267.03,69733,-1.90282,2.10067
388,5020.41,635.687,2288.47,187.858,17.1887,1.14592,267.72,69732.3,3.38009,2.14829
389,4833.12,633.773,2281.58,-187.293,-17.1887,1.14592,268.41,69731.6,-1.91394,2.10556
390,5021.41,637.139,2293.7,188.288,17.1887,1.14592,269.1,69730.9,3.36636,2.15323
391,4834.76,635.214,2286.77,-186.644,-17.0873,1.14592,269.79,69730.2,-1.92489,2.11039
392,5023.47,638.551,2298.79,188.705,17.1887,1.14592,270.48,69729.5,3.33706,2.15806
393,4855.14,636.617,2291.82,-168.327,-15.3318,1.14592,271.17,69728.8,-1.93478,2.11563
394,5044.18,639.667,2302.8,189.035,17.1887,1.14592,271.86,69728.1,3.05033,2.16245
395,4864.55,637.738,2295.86,-179.629,-16.3596,1.14592,272.55,69727.4,-1.92915,2.11963
396,5053.96,640.954,2307.43,189.415,17.1887,1.14592,273.24,69726.8,3.21594,2.1671
397,4880.33,639.021,2300.48,-173.631,-15.7663,1.14592,273.93,69726.1,-1.93254,2.12434
398,5070.1,642.139,2311.7,189.765,17.1887,1.14592,274.62,69725.4,3.11799,2.17159
399,4892.19,640.209,2304.75,-177.911,-16.1347,1.14592,275.31,69724.7,-1.93056,2.12863
400,5082.32,643.385,2316.19,190.133,17.1887,1.14592,276,69724,3.17628,2.17617
401,4906.29,641.453,2309.23,-176.027,-15.9274,1.14592,276.69,69723.3,-1.93179,2.13317
402,5096.78,644.594,2320.54,190.491,17.1887,1.14592,277.38,69722.6,3.14105,2.1807
403,4918.9,642.663,2313.59,-177.888,-16.0692,1.14592,278.07,69721.9,-1.93108,2.13756
404,5109.75,645.826,2324.97,190.855,17.1887,1.14592,278.76,69721.2,3.1625,2.18526
405,4932.3,643.894,2318.02,-177.447,-15.9968,1.14592,279.45,69720.5,-1.93156,2.14204
406,5123.52,647.043,2329.36,191.214,17.1887,1.14592,280.14,69719.9,3.14918,2.18979
407,4945.08,645.112,2322.4,-178.437,-16.0573,1.14592,280.83,69719.2,-1.9313,2.14646
408,5136.66,648.269,2333.77,191.577,17.1887,1.14592,281.52,69718.5,3.15741,2.19434
409,4958.13,646.338,2326.82,-178.526,-16.0343,1.14592,282.21,69717.8,-1.9315,2.15092
410,5150.07,649.49,2338.16,191.937,17.1887,1.14592,282.9,69717.1,3.15209,2.19888
411,4970.88,647.559,2331.21,-179.188,-16.0641,1.14592,283.59,69716.4,-1.93141,2.15535
412,5163.18,650.714,2342.57,192.299,17.1887,1.14592,284.28,69715.7,3.15534,2.20343
413,4983.7,648.782,2335.62,-179.481,-16.0599,1.14592,284.97,69715,-1.93151,2.15979
414,5176.36,651.935,2346.97,192.66,17.1887,1.14592,285.66,69714.3,3.15306,2.20797
415,4996.35,650.004,2340.01,-180.013,-16.0777,1.14592,286.35,69713.6,-1.93149,2.16423
416,5189.37,653.158,2351.37,193.021,17.1887,1.14592,287.04,69713,3.15435,2.21251
417,5008.98,651.227,2344.42,-180.386,-16.0809,1.14592,287.73,69712.3,-1.93154,2.20046
418,5073.59,654.795,2357.26,64.6095,5.66268,1.14592,288.42,69711.6,3.56788,2.21449
419,4880.12,654.696,2356.9,-193.476,-17.1887,1.14592,289.11,69710.9,-0.0989186,2.17644
420,5074.54,657.894,2368.42,194.421,17.1887,1.14592,289.8,69710.2,3.19855,2.22501
421,5196.31,655.84,2361.02,121.774,10.7006,1.14592,290.49,69709.5,-2.05446,2.2218
422,5002.75,654.97,2357.89,-193.557,-17.1887,1.14592,291.18,69708.8,-0.869946,2.21292
423,5197.41,658.684,2371.26,194.654,17.1887,1.14592,291.87,69708.1,3.71413,2.23147
424,5095.63,656.715,2364.17,-101.774,-8.91535,1.14592,292.56,69707.4,-1.96903,2.22167
425,4913.4,659.105,2372.78,-182.238,-16.051,1.14592,293.25,69706.7,2.39001,2.19208
426,5109.06,662.1,2383.56,195.664,17.1887,1.14592,293.94,69706.1,2.99533,2.2403
427,5254.29,660.038,2376.14,145.234,12.7113,1.14592,294.63,69705.4,-2.0628,2.23782
428,5059.59,658.841,2371.83,-194.701,-17.1887,1.14592,295.32,69704.7,-1.19658,2.22775
429,5235.28,662.565,2385.24,175.688,15.3767,1.14592,296.01,69704,3.72449,2.2458
430,5078.74,660.892,2379.21,-156.545,-13.7018,1.14592,296.7,69703.3,-1.6733,2.23528
431,5140.1,664.039,2390.54,61.3648,5.30235,1.14592,297.39,69702.6,3.14671,2.24783
432,4961.44,663.976,2390.31,-178.658,-15.6092,1.14592,298.08,69701.9,-0.0625691,2.20971
433,5158.52,666.89,2400.81,197.08,17.1887,1.14592,298.77,69701.2,2.91408,2.25806
434,5307.46,664.826,2393.37,148.938,12.9455,1.14592,299.46,69700.5,-2.06398,2.25572
435,5111.35,663.594,2388.94,-196.105,-17.1887,1.14592,300.15,69699.8,-1.23255,2.24543
436,5287.25,667.318,2402.35,175.892,15.2826,1.14592,300.84,69699.2,3.72464,2.26354
437,5120.91,665.663,2396.39,-166.337,-14.4706,1.14592,301.53,69698.5,-1.65532,2.25273
438,5228.13,668.931,2408.15,107.225,9.22393,1.14592,302.22,69697.8,3.26738,2.26715
439,5042.24,668.23,2405.63,-185.895,-16.1522,1.14592,302.91,69697.1,-0.70026,2.25895
440,5240.74,671.694,2418.1,198.499,17.1887,1.14592,303.6,69696.4,3.46358,2.27692
441,5319.4,669.655,2410.76,78.6585,6.74562,1.14592,304.29,69695.7,-2.03896,2.27248
442,5121.56,669.44,2409.98,-197.833,-17.1887,1.14592,304.98,69695,-0.215316,2.26553
443,5320.49,673.124,2423.25,198.922,17.1887,1.14592,305.67,69694.3,3.68474,2.28429
444,5261.44,671.136,2416.09,-59.0405,-5.04689,1.14592,306.36,69693.6,-1.98805,2.27568
445,5062.6,672.88,2422.37,-198.85,-17.1887,1.14592,307.05,69692.9,1.74344,2.27531
446,5262.51,676.49,2435.36,199.917,17.1887,1.14592,307.74,69692.3,3.61048,2.29387
447,5401.06,674.43,2427.95,138.552,11.855,1.14592,308.43,69691.6,-2.06,2.29129
448,5202.07,673.379,2424.16,-198.997,-17.1887,1.14592,309.12,69690.9,-1.05135,2.2814
449,5402.16,677.094,2437.54,200.095,17.1887,1.14592,309.81,69690.2,3.7153,2.30037
450,5261.51,675.14,2430.5,-140.647,-12.0241,1.14592,310.5,69689.5,-1.95445,2.28926
451,5196.26,678.032,2440.92,-65.2569,-5.52296,1.14592,311.19,69688.8,2.89245,2.29698
452,5209.18,679.75,2447.1,12.9241,1.08943,1.14592,311.88,69688.1,1.71831,2.30322
453,5194.88,680.334,2449.2,-14.3034,-1.20468,1.14592,312.57,69687.4,0.583997,2.30474
454,5232.58,681.295,2452.66,37.6995,3.17209,1.14592,313.26,69686.7,0.960593,2.3092
455,5210.4,681.529,2453.5,-22.1787,-1.86488,1.14592,313.95,69686,0.233865,2.30928
456,5241.96,682.605,2457.38,31.5634,2.65028,1.14592,314.64,69685.4,1.07626,2.31394
457,5225.06,682.925,2458.53,-16.9017,-1.41816,1.14592,315.33,69684.7,0.320032,2.31448
458,5253.11,683.925,2462.13,28.0482,2.3504,1.14592,316.02,69684,1.00023,2.31878
459,5239.25,684.295,2463.46,-13.8606,-1.16062,1.14592,316.71,69683.3,0.369649,2.31958
460,5265.17,685.252,2466.91,25.9182,2.16761,1.14592,317.4,69682.6,0.956474,2.32366
461,5252.93,685.652,2468.35,-12.2371,-1.02264,1.14592,318.09,69681.9,0.39998,2.32462
462,5277.96,686.584,2471.7,25.0317,2.08937,1.14592,318.78,69681.2,0.932947,2.32859
463,5266.11,686.998,2473.19,-11.8478,-0.988164,1.14592,319.47,69680.5,0.413026,2.32961
464,5291.4,687.924,2476.53,25.2876,2.10663,1.14592,320.16,69679.8,0.926885,2.33357
465,5278.8,688.335,2478,-12.6008,-1.04893,1.14592,320.85,69679.1,0.410264,2.33456
466,5305.5,689.272,2481.38,26.7001,2.22001,1.14592,321.54,69678.5,0.936853,2.3386
467,5290.96,689.663,2482.79,-14.5363,-1.20773,1.14592,322.23,69677.8,0.391604,2.33946
468,5320.39,690.626,2486.26,29.4247,2.44188,1.14592,322.92,69677.1,0.963305,2.34368
469,5302.56,690.981,2487.53,-17.8303,-1.47864,1.14592,323.61,69676.4,0.355042,2.34431
470,5336.32,691.99,2491.16,33.7638,2.79671,1.14592,324.3,69675.7,1.00861,2.34883
471,5313.55,692.287,2492.23,-22.769,-1.88477,1.14592,324.99,69675,0.296617,2.34909
472,5353.68,693.363,2496.11,40.1239,3.31747,1.14592,325.68,69674.3,1.07671,2.35406
473,5324.03,693.574,2496.87,-29.6523,-2.45031,1.14592,326.37,69673.6,0.21103,2.35381
474,5372.86,694.746,2501.09,48.8309,4.03041,1.14592,327.06,69672.9,1.17182,2.35938
475,5334.3,694.84,2501.43,-38.5549,-3.18083,1.14592,327.75,69672.2,0.0941991,2.35844
476,5393.98,696.136,2506.09,59.6793,4.91797,1.14592,328.44,69671.6,1.29516,2.3648
477,5345,696.085,2505.91,-48.9808,-4.03502,1.14592,329.13,69670.9,-0.050635,2.36302
478,5416.46,697.525,2511.09,71.4652,5.88059,1.14592,329.82,69670.2,1.44009,2.37026
479,5356.59,697.318,2510.35,-59.8754,-4.92579,1.14592,330.51,69669.5,-0.206792,2.36758
480,5439.36,698.91,2516.08,82.7683,6.80121,1.14592,331.2,69668.8,1.59199,2.37572
481,5368.93,698.555,2514.8,-70.4302,-5.78655,1.14592,331.89,69668.1,-0.355019,2.37219
482,5462.46,700.294,2521.06,93.5335,7.67554,1.14592,332.58,69667.4,1.73923,2.38119
483,5382,699.8,2519.28,-80.4598,-6.60222,1.14592,333.27,69666.7,-0.494777,2.37685
484,5485.37,701.679,2526.04,103.367,8.47129,1.14592,333.96,69666,1.8792,2.38666
485,5395.42,701.058,2523.81,-89.9432,-7.37116,1.14592,334.65,69665.3,-0.620957,2.38157
486,5508.59,703.069,2531.05,113.164,9.26244,1.14592,335.34,69664.7,2.01125,2.39216
487,5409.8,702.323,2528.36,-98.7871,-8.0859,1.14592,336.03,69664,-0.745726,2.38634
488,5530.36,704.458,2536.05,120.561,9.85412,1.14592,336.72,69663.3,2.13471,2.39761
489,5422.67,703.621,2533.03,-107.697,-8.80436,1.14592,337.41,69662.6,-0.837647,2.39118
490,5556.89,705.878,2541.16,134.225,10.9618,1.14592,338.1,69661.9,2.25711,2.40333
491,5443.56,704.865,2537.52,-113.336,-9.2528,1.14592,338.79,69661.2,-1.01221,2.3961
492,5561.63,707.206,2545.94,118.077,9.61127,1.14592,339.48,69660.5,2.34101,2.40802
493,5431.23,706.416,2543.1,-130.398,-10.6373,1.14592,340.17,69659.8,-0.790703,2.40096
494,5640.75,708.967,2552.28,209.514,17.1887,1.14592,340.86,69659.1,2.55172,2.41668
495,5596.81,706.971,2545.1,-43.9381,-3.56322,1.14592,341.55,69658.4,-1.99662,2.4084
496,5387.45,708.46,2550.46,-209.364,-17.1887,1.14592,342.24,69657.8,1.48889,2.40644
497,5597.87,712.046,2563.36,210.424,17.1887,1.14592,342.93,69657.1,3.58587,2.42572
498,5729.42,709.989,2555.96,131.553,10.678,1.14592,343.62,69656.4,-2.05692,2.42316
499,5519.86,709.143,2552.91,-209.566,-17.1887,1.14592,344.31,69655.7,-0.845811,2.41321
500,5730.52,712.838,2566.22,210.658,17.1887,1.14592,345,69655,3.69517,2.43292
501,5560.08,710.891,2559.21,-170.434,-13.8716,1.14592,345.69,69654.3,-1.94671,2.42051
502,5641.21,714.061,2570.62,81.1241,6.52344,1.14592,346.38,69653.6,3.16962,2.43406
503,5430.26,713.811,2569.72,-210.946,-17.1887,1.14592,347.07,69652.9,-0.249562,2.42607
504,5642.26,717.392,2582.61,212.004,17.1887,1.14592,347.76,69652.2,3.58043,2.44545
505,5777.32,715.334,2575.2,135.055,10.8828,1.14592,348.45,69651.5,-2.05798,2.44303
506,5566.18,714.457,2572.05,-211.137,-17.1887,1.14592,349.14,69650.9,-0.876601,2.43286
507,5778.41,718.152,2585.35,212.228,17.1887,1.14592,349.83,69650.2,3.69487,2.4527
508,5596.87,716.209,2578.35,-181.54,-14.6831,1.14592,350.52,69649.5,-1.94263,2.43987
509,5732.97,719.506,2590.22,136.103,10.9039,1.14592,351.21,69648.8,3.29614,2.45576
510,5520.63,718.556,2586.8,-212.348,-17.1887,1.14592,351.9,69648.1,-0.949535,2.44527
511,5734.05,722.179,2599.84,213.418,17.1887,1.14592,352.59,69647.4,3.62293,2.46492
512,5729.58,720.168,2592.6,-4.46249,-0.355034,1.14592,353.28,69646.7,-2.0114,2.4579
513,5516.48,721.127,2596.06,-213.107,-17.1887,1.14592,353.97,69646,0.959,2.45387
514,5730.65,724.726,2609.01,214.171,17.1887,1.14592,354.66,69645.3,3.59913,2.4735
515,5790.26,722.693,2601.69,59.6125,4.73152,1.14592,355.35,69644.6,-2.03311,2.46861
516,5576.65,722.818,2602.14,-213.607,-17.1887,1.14592,356.04,69644,0.125225,2.46169
517,5791.33,726.458,2615.25,214.683,17.1887,1.14592,356.73,69643.3,3.64005,2.48151
518,5727.45,724.467,2608.08,-63.8856,-5.05908,1.14592,357.42,69642.6,-1.99063,2.4725
519,5512.84,726.197,2614.31,-214.606,-17.1887,1.14592,358.11,69641.9,1.72986,2.471
520,5728.5,729.753,2627.11,215.657,17.1887,1.14592,358.8,69641.2,3.55596,2.49058
521,5907.76,727.681,2619.65,179.256,14.261,1.14592,359.49,69640.5,-2.07211,2.48974
522,5693.13,726.27,2614.57,-214.628,-17.1887,1.14592,360.18,69639.8,-1.41074,2.47747
523,5893.29,729.99,2627.96,200.158,15.914,1.14592,360.87,69639.1,3.7193,2.49714
524,5678.07,728.276,2621.79,-215.22,-17.1887,1.14592,361.56,69638.4,-1.71327,2.48379
525,5894.38,731.967,2635.08,216.311,17.1887,1.14592,362.25,69637.7,3.69057,2.50394
526,5691.34,730.032,2628.11,-203.033,-16.1478,1.14592,362.94,69637.1,-1.9353,2.49024
527,5908.12,733.55,2640.78,216.779,17.1887,1.14592,363.63,69636.4,3.51885,2.50984
528,5700.83,731.617,2633.82,-207.291,-16.4592,1.14592,364.32,69635.7,-1.93364,2.49598
529,5918.09,735.184,2646.66,217.262,17.1887,1.14592,365.01,69635,3.5669,2.51578
530,5714.84,733.248,2639.69,-203.252,-16.0928,1.14592,365.7,69634.3,-1.93575,2.50203
531,5932.57,736.755,2652.32,217.726,17.1887,1.14592,366.39,69633.6,3.50744,2.52167
532,5723.01,734.822,2645.36,-209.557,-16.5696,1.14592,367.08,69632.9,-1.93317,2.50769
533,5941.23,738.404,2658.25,218.213,17.1887,1.14592,367.77,69632.2,3.58163,2.52762
534,5738.4,736.467,2651.28,-202.829,-15.9864,1.14592,368.46,69631.5,-1.93649,2.51384
535,5957.07,739.955,2663.84,218.672,17.1887,1.14592,369.15,69630.8,3.48788,2.53349
536,5744.39,738.023,2656.88,-212.68,-16.7488,1.14592,369.84,69630.2,-1.93232,2.51936
537,5963.55,741.63,2669.87,219.167,17.1887,1.14592,370.53,69629.5,3.60717,2.53945
538,5762.33,739.692,2662.89,-201.221,-15.7853,1.14592,371.22,69628.8,-1.93776,2.5257
539,5981.95,743.146,2675.32,219.615,17.1887,1.14592,371.91,69628.1,3.45331,2.5453
540,5764.53,741.215,2668.37,-217.413,-17.0568,1.14592,372.6,69627.4,-1.93073,2.53097
541,5984.66,744.868,2681.52,220.123,17.1887,1.14592,373.29,69626.7,3.65292,2.55129
542,5787.31,742.928,2674.54,-197.347,-15.4046,1.14592,373.98,69626,-1.93999,2.53763
543,6007.86,746.318,2686.75,220.552,17.1887,1.14592,374.67,69625.3,3.39029,2.59682
544,5787.76,744.802,2681.29,-220.104,-17.1887,1.14592,375.36,69624.6,-1.51616,2.54405
545,6008.95,748.472,2694.5,221.189,17.1887,1.14592,376.05,69623.9,3.67007,2.60435
546,5788.21,746.944,2689,-220.737,-17.1887,1.14592,376.74,69623.3,-1.52756,2.55138
547,6010.03,750.599,2702.16,221.817,17.1887,1.14592,377.43,69622.6,3.65466,2.61179
548,5788.67,749.06,2696.62,-221.362,-17.1887,1.14592,378.12,69621.9,-1.53883,2.55862
549,6011.1,752.7,2709.72,222.438,17.1887,1.14592,378.81,69621.2,3.63941,2.61914
550,5789.12,751.15,2704.14,-221.98,-17.1887,1.14592,379.5,69620.5,-1.54998,2.56578
551,6012.17,754.774,2717.19,223.051,17.1887,1.14592,380.19,69619.8,3.62432,2.6264
552,5789.59,753.213,2711.57,-222.59,-17.1887,1.14592,380.88,69619.1,-1.561,2.57284
553,6013.24,756.822,2724.56,223.656,17.1887,1.14592,381.57,69618.4,3.60938,2.63357
554,5790.05,755.25,2718.9,-223.192,-17.1887,1.14592,382.26,69617.7,-1.5719,2.57982
555,6014.3,758.845,2731.84,224.254,17.1887,1.14592,382.95,69617,3.59461,2.64065
556,5790.52,757.262,2726.14,-223.786,-17.1887,1.14592,383.64,69616.4,-1.58268,2.58671
557,6015.36,760.842,2739.03,224.844,17.1887,1.14592,384.33,69615.7,3.58,2.64764
558,5790.99,759.249,2733.3,-224.373,-17.1887,1.14592,385.02,69615,-1.59333,2.59351
559,6016.42,762.815,2746.13,225.427,17.1887,1.14592,385.71,69614.3,3.56554,2.65454
560,5791.46,761.211,2740.36,-224.953,-17.1887,1.14592,386.4,69613.6,-1.60387,2.60023
561,6017.46,764.762,2753.14,226.003,17.1887,1.14592,387.09,69612.9,3.55124,2.66136
562,5791.94,763.148,2747.33,-225.526,-17.1887,1.14592,387.78,69612.2,-1.61428,2.60686
563,6018.51,766.685,2760.07,226.571,17.1887,1.14592,388.47,69611.5,3.53709,2.66809
564,5792.42,765.06,2754.22,-226.091,-17.1887,1.14592,389.16,69610.8,-1.62457,2.61341
565,6019.55,768.583,2766.9,227.132,17.1887,1.14592,389.85,69610.1,3.5231,2.67474
566,5792.9,766.949,2761.01,-226.649,-17.1887,1.14592,390.54,69609.5,-1.63474,2.61988
567,6020.59,770.458,2773.65,227.686,17.1887,1.14592,391.23,69608.8,3.50927,2.6813
568,5793.39,768.813,2767.73,-227.2,-17.1887,1.14592,391.92,69608.1,-1.6448,2.62627
569,6021.62,772.309,2780.31,228.233,17.1887,1.14592,392.61,69607.4,3.49558,2.68778
570,5793.88,770.654,2774.35,-227.744,-17.1887,1.14592,393.3,69606.7,-1.65473,2.63258
571,6022.65,774.136,2786.89,228.773,17.1887,1.14592,393.99,69606,3.48206,2.69418
572,5794.37,772.471,2780.9,-228.281,-17.1887,1.14592,394.68,69605.3,-1.66455,2.6388
573,6023.68,775.94,2793.38,229.306,17.1887,1.14592,395.37,69604.6,3.46868,2.7005
574,5794.86,774.266,2787.36,-228.811,-17.1887,1.14592,396.06,69603.9,-1.67425,2.64495
575,6024.7,777.721,2799.8,229.832,17.1887,1.14592,396.75,69603.2,3.45545,2.70674
576,5795.36,776.037,2793.73,-229.335,-17.1887,1.14592,397.44,69602.6,-1.68384,2.65102
577,6025.71,779.48,2806.13,230.352,17.1887,1.14592,398.13,69601.9,3.44238,2.7129
578,5795.86,777.787,2800.03,-229.852,-17.1887,1.14592,398.82,69601.2,-1.69331,2.65701
579,6026.73,781.216,2812.38,230.865,17.1887,1.14592,399.51,69600.5,3.42945,2.71898
580,5796.37,779.513,2806.25,-230.362,-17.1887,1.14592,400.2,69599.8,-1.70267,2.66293
581,6027.74,782.93,2818.55,231.372,17.1887,1.14592,400.89,69599.1,3.41667,2.72499
582,5796.87,781.218,2812.39,-230.866,-17.1887,1.14592,401.58,69598.4,-1.71191,2.66877
583,6028.74,784.622,2824.64,231.872,17.1887,1.14592,402.27,69597.7,3.40404,2.73092
584,5797.38,782.901,2818.44,-231.363,-17.1887,1.14592,402.96,69597,-1.72104,2.67454
585,6029.75,786.293,2830.65,232.365,17.1887,1.14592,403.65,69596.3,3.39156,2.73677
586,5797.89,784.563,2824.43,-231.854,-17.1887,1.14592,404.34,69595.7,-1.73006,2.68024
587,6030.74,787.942,2836.59,232.853,17.1887,1.14592,405.03,69595,3.37922,2.74255
588,5798.4,786.203,2830.33,-232.339,-17.1887,1.14592,405.72,69594.3,-1.73897,2.68586
589,6031.74,789.57,2842.45,233.334,17.1887,1.14592,406.41,69593.6,3.36703,2.74826
590,5798.92,787.822,2836.16,-232.817,-17.1887,1.14592,407.1,69592.9,-1.74777,2.69141
591,6032.73,791.177,2848.24,233.809,17.1887,1.14592,407.79,69592.2,3.35498,2.75389
592,5799.44,789.421,2841.91,-233.29,-17.1887,1.14592,408.48,69591.5,-1.75645,2.69689
593,6033.72,792.764,2853.95,234.278,17.1887,1.14592,409.17,69590.8,3.34307,2.75945
594,5799.96,790.999,2847.6,-233.756,-17.1887,1.14592,409.86,69590.1,-1.76503,2.7023
595,6034.7,794.33,2859.59,234.741,17.1887,1.14592,410.55,69589.4,3.3313,2.76494
596,5800.49,792.556,2853.2,-234.216,-17.1887,1.14592,411.24,69588.8,-1.77351,2.70765
597,6035.68,795.876,2865.15,235.197,17.1887,1.14592,411.93,69588.1,3.31968,2.77036
598,5801.01,794.094,2858.74,-234.671,-17.1887,1.14592,412.62,69587.4,-1.78187,2.71292
599,6036.66,797.402,2870.65,235.649,17.1887,1.14592,413.31,69586.7,3.30819,2.77572
600,5801.54,795.612,2864.2,-235.12,-17.1887,1.14592,414,69586,-1.79013,2.71813
